,vehicle,miles_bin,origin_state,count,rpm mean,rpm median,rpm std,vehicle_rank
0,CARGO VAN,0,AL,7,2.262127590355836,2.0395967741935483,0.9549680383886928,0
1,CARGO VAN,0,AZ,3,4.833404030159039,5.432628865979382,1.044394908122686,0
2,CARGO VAN,0,IL,42,2.357947430733834,2.262852246827908,0.656353237355468,0
3,CARGO VAN,0,IN,24,2.078546551100405,1.9219148201041139,0.6068330855027894,0
4,CARGO VAN,0,KY,36,2.404136579916051,2.42999528407815,0.6850628300595398,0
5,CARGO VAN,0,MI,39,2.37679510478122,2.244939024390244,0.6119029759093869,0
6,CARGO VAN,0,NC,3,2.196140992557808,2.2321020408163266,0.1394295380067641,0
7,CARGO VAN,0,NY,6,2.459593951552889,2.513843138037994,0.3918240847813074,0
8,CARGO VAN,0,OH,22,2.7335358622787074,2.522342767295598,0.928223235023587,0
9,CARGO VAN,0,PA,13,2.254096881109192,2.223346855983773,0.4649133243650894,0
10,CARGO VAN,0,SC,4,1.7051507167167341,1.7293614521291683,0.40577210095332095,0
11,CARGO VAN,0,TN,38,1.999589978793823,1.7769036519036523,0.7128277744469455,0
12,CARGO VAN,0,TX,27,2.2999638049171907,2.081266968325792,0.7491919233088257,0
13,CARGO VAN,0,VA,3,2.0607336251911876,1.7879336734693878,0.5989014147452564,0
14,CARGO VAN,0,WI,21,2.201096192213794,2.23230607966457,0.2891844938536828,0
15,CARGO VAN,0,WV,3,2.55273995742087,2.5220440251572325,0.14559680840074202,0
16,CARGO VAN,1,AR,6,2.0496117956830413,1.9779852140493221,0.27043060725805196,0
17,CARGO VAN,1,GA,6,1.456290226577164,1.3467030965391622,0.3528123997967403,0
18,CARGO VAN,1,GJ,6,2.0635770117719576,2.0154440154440154,0.31719693318871484,0
19,CARGO VAN,1,IL,11,1.7829402063152258,1.7374653465346537,0.28493033644993077,0
20,CARGO VAN,1,IN,11,2.0557362162765216,2.13456043956044,0.25751952255468313,0
21,CARGO VAN,1,KY,7,2.3746092485513968,1.999131274131274,0.9669978319994059,0
22,CARGO VAN,1,MI,22,1.6610701094122546,1.6249613866781436,0.37327759921508114,0
23,CARGO VAN,1,MN,11,1.9100670485847133,1.996553480475382,0.30787820204598876,0
24,CARGO VAN,1,MO,8,1.6478400444359174,1.6166301951779565,0.30199609395297894,0
25,CARGO VAN,1,NC,8,1.8709611819702148,1.6111892489745077,0.5809052899233033,0
26,CARGO VAN,1,NX,3,3.5981012658227844,3.6392405063291138,0.07125525474175755,0
27,CARGO VAN,1,OH,19,2.06342238795351,1.9764420062695924,0.6236728079650509,0
28,CARGO VAN,1,PA,5,1.568627450980392,1.568627450980392,0.0,0
29,CARGO VAN,1,SC,9,1.859312773023201,1.793525641025641,0.43545655600598376,0
30,CARGO VAN,1,TN,61,1.6973777521566036,1.6377649325626205,0.5047714931831968,0
31,CARGO VAN,1,TX,25,2.0359598893726623,1.893913043478261,0.6030933637272978,0
32,CARGO VAN,1,VA,5,2.1397120432768295,2.215652951699463,0.4379912353310531,0
33,CARGO VAN,1,WI,16,2.1368394703692104,2.0586294423881313,0.426488668076328,0
34,CARGO VAN,2,AL,8,1.6248060698117521,1.430274135876043,0.6516768201476465,0
35,CARGO VAN,2,AR,7,1.6325443466338168,1.5459770114942528,0.22397687867503874,0
36,CARGO VAN,2,CT,8,1.6569625484807506,1.6542450709510166,0.224339979667072,0
37,CARGO VAN,2,MI,46,1.7839507328390183,1.6332292402735593,0.45260650623849585,0
38,CARGO VAN,2,MO,10,1.6825107114646791,1.579741137698017,0.32967258438426045,0
39,CARGO VAN,2,MS,4,1.755277312046193,1.757021004516515,0.08374583873527733,0
40,CARGO VAN,2,NH,11,1.4815980301701857,1.443163383545771,0.1583853523583832,0
41,CARGO VAN,2,NX,5,4.040717748265911,4.0819506462984725,0.27764736375527904,0
42,CARGO VAN,2,OH,9,1.6767587841938503,1.601625916870416,0.17566444853594104,0
43,CARGO VAN,2,OK,3,1.8301291482315019,1.5781331592689294,0.6891770360138617,0
44,CARGO VAN,2,QA,4,3.5367683651508877,3.4004717420113764,0.8674130268574224,0
45,CARGO VAN,2,SC,18,1.6580441205236551,1.56287390010352,0.5309653503806134,0
46,CARGO VAN,2,TL,7,2.387275117106943,2.1954674220963173,0.615085115636516,0
47,CARGO VAN,2,TN,13,1.7257238847502845,1.4705882352941178,0.5279669648876233,0
48,CARGO VAN,2,TX,57,2.0200344881548276,1.8919219653179191,0.5774725269656225,0
49,CARGO VAN,2,WI,7,1.6494231454780734,1.6265,0.25294744726256047,0
50,CARGO VAN,3,AL,6,1.4172484577831526,1.351289373637522,0.2731340323704727,0
51,CARGO VAN,3,AZ,5,1.6773995403862827,1.5434985968194574,0.3964400732722684,0
52,CARGO VAN,3,CU,6,2.770393761291576,2.7930948275862066,0.931747697701761,0
53,CARGO VAN,3,FL,9,1.4303533859404576,1.3756749555950267,0.24150611011517314,0
54,CARGO VAN,3,GA,16,1.3919504910052234,1.4361218625381187,0.31242625697724996,0
55,CARGO VAN,3,IA,5,1.5007672647595205,1.4444750889679714,0.12014781746335132,0
56,CARGO VAN,3,IL,35,1.0897939256457163,0.9871794871794872,0.2655332471463047,0
57,CARGO VAN,3,IN,10,1.673943070735619,1.3691024161296932,1.3013361367190688,0
58,CARGO VAN,3,KY,22,1.2444280105739631,1.1984602615641604,0.4091753908870237,0
59,CARGO VAN,3,MI,5,1.4167307812950702,1.383844155844156,0.15333290184094006,0
60,CARGO VAN,3,MN,3,1.4031801889866404,1.395777126099707,0.09747402657431908,0
61,CARGO VAN,3,MO,4,1.9961958996886835,1.7122128520486135,0.6450900321214733,0
62,CARGO VAN,3,NX,4,2.7582550803816064,2.2771238523236264,1.3187673651375436,0
63,CARGO VAN,3,SC,4,1.4671953674442682,1.3883051624698242,0.16529294454892443,0
64,CARGO VAN,3,TN,62,1.2201578749674735,1.1622340425531914,0.3616137971253535,0
65,CARGO VAN,3,TX,79,1.5163821027395306,1.4434060228452752,0.3410265725378203,0
66,CARGO VAN,4,AG,14,1.86568787502582,1.8086232228512165,0.3539058564985812,0
67,CARGO VAN,4,AL,7,1.8231139350076346,1.4574529780564265,0.7056285820589965,0
68,CARGO VAN,4,AZ,27,1.6077743141725276,1.6224187107815171,0.41626283252638047,0
69,CARGO VAN,4,CA,23,1.523323462486004,1.326382775119617,0.6206959662525561,0
70,CARGO VAN,4,CT,7,1.1369802888277665,0.960058451047248,0.32347983448841794,0
71,CARGO VAN,4,CU,62,1.7627381411621257,1.673761183288101,0.4438436598556479,0
72,CARGO VAN,4,DF,4,1.548682279125621,1.5563101301641198,0.18446333557140288,0
73,CARGO VAN,4,DG,3,2.2363140784077533,2.4200818833162745,0.6086190218075761,0
74,CARGO VAN,4,EM,34,1.8259040862644795,1.7583741752427084,0.3944964134702551,0
75,CARGO VAN,4,GA,9,1.533692590281368,1.3421794871794872,0.37280078771458514,0
76,CARGO VAN,4,GJ,44,1.8619678426610513,1.7049224699399153,0.7115850636835138,0
77,CARGO VAN,4,IA,3,1.3419247974498212,1.2716441620333598,0.14541931718467113,0
78,CARGO VAN,4,IL,107,1.2664514994719673,1.195607958732498,0.2875986604369587,0
79,CARGO VAN,4,IN,61,1.2914514784517033,1.158575712143928,0.6784872522690404,0
80,CARGO VAN,4,JA,45,1.9695742294800282,1.8363939899833053,0.650508478248042,0
81,CARGO VAN,4,KY,47,1.3511909074217066,1.3620967741935484,0.4204616004994776,0
82,CARGO VAN,4,MA,4,1.1025312733200794,1.1085511840732392,0.1901788318509728,0
83,CARGO VAN,4,MI,424,1.0554298068965389,0.949893418169369,0.2569299544667064,0
84,CARGO VAN,4,MN,9,1.8214980160904746,1.3507516105941302,1.456629222320222,0
85,CARGO VAN,4,MR,15,1.6133067582318938,1.6300688976377953,0.2657062588923264,0
86,CARGO VAN,4,NC,27,1.1981868070854205,1.1335849056603773,0.29778085838153834,0
87,CARGO VAN,4,NJ,3,1.2042107672847562,1.324453915823122,0.22365646115211354,0
88,CARGO VAN,4,NX,48,1.8292942508461698,1.6708186475521538,0.5717155700867843,0
89,CARGO VAN,4,NY,10,1.3769776369476718,1.3915963003961247,0.28967206088314923,0
90,CARGO VAN,4,OH,90,1.1531179189119798,1.0375461815882963,0.3030215436231979,0
91,CARGO VAN,4,ON,18,1.5963382414618854,1.5319434884796799,0.3100525382372901,0
92,CARGO VAN,4,PA,80,1.1312783413445524,1.0606060606060606,0.21920497706696537,0
93,CARGO VAN,4,PU,10,1.8855875963608018,1.670941325287223,0.7148976981438548,0
94,CARGO VAN,4,QA,50,1.9021961472909614,1.6559724847695647,0.7017726889549519,0
95,CARGO VAN,4,RI,3,1.4325206957044472,1.4727826417967262,0.30497826436165737,0
96,CARGO VAN,4,SC,31,1.3259505191961292,1.1031746031746033,0.545629090546936,0
97,CARGO VAN,4,SL,51,1.6510934303501734,1.5402189781021898,0.3488869977131779,0
98,CARGO VAN,4,TN,29,1.3668418825397737,1.3411783644558917,0.2772359353770377,0
99,CARGO VAN,4,TX,787,1.2419872924194943,1.1566433566433567,0.3240945065127052,0
100,CARGO VAN,4,UT,21,1.5917250944132608,1.4744719372359685,0.412758440337612,0
101,CARGO VAN,4,VA,19,1.1979103312438883,1.158688524590164,0.23293677547120584,0
102,CARGO VAN,4,WI,29,1.3959165778756402,1.2858424790187215,0.39259853798777444,0
103,CUBE VAN,0,IL,4,4.044089102913759,4.123863675850087,0.7952918935792173,2
104,CUBE VAN,0,IN,3,3.1824885714285713,2.4583466666666665,1.7476226732820832,2
105,CUBE VAN,0,KY,3,3.3046365857600564,2.977667493796526,0.9347732681218575,2
106,CUBE VAN,0,MI,5,3.900218977221764,3.718905472636816,0.959669647962124,2
107,CUBE VAN,0,QA,3,2.8897849462365595,2.8225806451612905,0.11640126394952151,2
108,CUBE VAN,0,TN,7,3.5773058532987148,3.5398230088495577,0.8929150119748275,2
109,CUBE VAN,0,TX,26,2.9118534981685027,2.6659959758551306,0.7915503651101463,2
110,CUBE VAN,1,GJ,13,2.014962167167691,1.7851985559566788,0.32031678741350605,2
111,CUBE VAN,1,JA,7,2.2650271556320054,2.2620904836193447,0.253437314197095,2
112,CUBE VAN,1,MI,8,2.3867552294695473,2.090747330960854,0.5742822765657122,2
113,CUBE VAN,1,QA,3,2.001046585658694,1.986183074265976,0.04807162815236366,2
114,CUBE VAN,1,TN,8,2.8328441621719103,2.7212791204896467,0.4178296487484991,2
115,CUBE VAN,1,TX,46,2.014497123531675,1.8362482075668254,0.43964314831511336,2
116,CUBE VAN,2,AL,4,2.449267821857799,2.380647925527671,0.29036826512661806,2
117,CUBE VAN,2,MI,7,3.0563394233160692,3.0456491712707185,0.5380841167309844,2
118,CUBE VAN,2,PU,4,2.100190374706306,2.131397675930824,0.23055952195791046,2
119,CUBE VAN,2,TX,39,2.2971133108476667,2.187837837837838,0.6014976913393225,2
120,CUBE VAN,2,WI,3,2.5268698025816376,2.4492162554426704,0.4359288483857496,2
121,CUBE VAN,3,AL,3,1.8294648613797548,1.7408123791102514,0.47768025508502376,2
122,CUBE VAN,3,CU,3,2.7082347766456145,2.3814897413024085,0.9228464032480126,2
123,CUBE VAN,3,GA,3,2.325343103684427,2.1258503401360542,0.914707621197019,2
124,CUBE VAN,3,IL,3,1.7718539364880828,1.709401709401709,0.2540264630425912,2
125,CUBE VAN,3,NX,3,4.083211017725924,3.9435105407882673,0.6242198822751919,2
126,CUBE VAN,3,TN,23,1.9102699495573123,1.8439108061749567,0.37932918657790143,2
127,CUBE VAN,3,TX,107,2.400467492253183,2.380952380952381,0.6176295912514419,2
128,CUBE VAN,4,AG,6,2.5541097373582464,2.046301543729154,1.3887082291320414,2
129,CUBE VAN,4,AZ,3,2.2344365182578785,2.19677371541502,0.5187018132986206,2
130,CUBE VAN,4,CA,9,1.9749034310826774,1.8461876247504991,0.5208542199234909,2
131,CUBE VAN,4,CT,3,1.8215299490515628,1.92519305019305,0.24943069972587636,2
132,CUBE VAN,4,CU,42,2.439885509558807,2.143301268895115,1.0156248997512525,2
133,CUBE VAN,4,EM,10,2.794569896181271,2.5540820927545154,1.2342058374442675,2
134,CUBE VAN,4,GJ,29,2.4541224226968525,2.0172910662824206,0.9993588290101295,2
135,CUBE VAN,4,IL,19,1.8911964792927793,1.774891774891775,0.29404516847378104,2
136,CUBE VAN,4,IN,34,1.8801959980175469,1.7816230994669657,0.4079673619593577,2
137,CUBE VAN,4,JA,28,2.529427465952627,2.271386052944612,0.8740316500014216,2
138,CUBE VAN,4,KY,17,1.9658717353461772,1.8380566801619436,0.8053909582288642,2
139,CUBE VAN,4,MA,10,1.919871794871795,2.0492216117216118,0.3744352592508638,2
140,CUBE VAN,4,MI,110,1.4409239068433544,1.446153846153846,0.3309329355290524,2
141,CUBE VAN,4,MR,3,1.8466945925340699,1.5470226377952756,0.5551582104127271,2
142,CUBE VAN,4,NC,6,1.7285561251216492,1.6902438504621475,0.26611963129961685,2
143,CUBE VAN,4,NJ,3,1.6382607582377133,1.5776081424936388,0.2244385119387148,2
144,CUBE VAN,4,NX,65,2.1892050236952283,1.8529076396807296,0.7347734529011245,2
145,CUBE VAN,4,NY,4,1.7455917370351206,1.7529556389028236,0.21898382433638036,2
146,CUBE VAN,4,OH,18,1.5394081918369529,1.546817441407745,0.271801237013972,2
147,CUBE VAN,4,ON,3,2.238659096640532,2.0812036273701566,0.5098291725089615,2
148,CUBE VAN,4,PA,17,1.8343629923661458,1.759467969598263,0.2789482107316318,2
149,CUBE VAN,4,PU,13,2.315166164968938,2.421432251416796,0.35590447667398983,2
150,CUBE VAN,4,QA,31,2.139260422718647,1.871522508851796,0.7575306866250541,2
151,CUBE VAN,4,SC,18,2.0741594481196035,1.9996031746031746,0.4607896370489644,2
152,CUBE VAN,4,SL,17,2.1250350088490806,1.9344359125812167,0.5120972489766757,2
153,CUBE VAN,4,TN,4,2.06031745014189,1.9626463447089573,0.515350112835631,2
154,CUBE VAN,4,TX,370,1.9003635715617757,1.7890877132748424,0.5870761089029445,2
155,CUBE VAN,4,VA,7,1.7670122111441533,1.8152866242038217,0.528916519546195,2
156,CUBE VAN,4,WI,14,2.040388731888085,1.9080822090530827,0.34679273719743986,2
157,SPRINTER,0,AZ,4,4.278253903485538,4.516881929585683,1.8050752872942852,1
158,SPRINTER,0,IL,19,2.6613860635428055,2.514417910447761,0.6968082613141261,1
159,SPRINTER,0,IN,15,2.9396854577027947,2.8580625,0.9096513579095378,1
160,SPRINTER,0,KY,30,2.507804759642617,2.382619666142741,0.5874163252703509,1
161,SPRINTER,0,MI,39,2.448659419186439,2.546910994764398,0.5416482684819914,1
162,SPRINTER,0,NY,7,2.4523623118559597,2.40593837535014,0.7783512582999499,1
163,SPRINTER,0,OH,15,2.54676055351809,2.446866485013624,0.6256696337823673,1
164,SPRINTER,0,PA,4,2.3643432335626873,2.2138664174527616,0.5901408849338463,1
165,SPRINTER,0,SC,5,2.2135776348296283,2.195617433414044,0.47199863935376235,1
166,SPRINTER,0,TN,26,2.050040459439673,2.034880302119541,0.46128863054102964,1
167,SPRINTER,0,TX,34,2.758292457715891,2.565402668859991,0.768566642380922,1
168,SPRINTER,0,WI,13,2.6900373813482097,2.4774896265560167,0.9902507214900155,1
169,SPRINTER,0,WV,3,2.9264879415693614,2.7686455331412105,0.5015354118849922,1
170,SPRINTER,1,GA,7,1.5824582353369685,1.5807275803722505,0.2015992237964616,1
171,SPRINTER,1,GJ,4,2.2840475871312487,2.268602540834846,0.13557593008949906,1
172,SPRINTER,1,IL,5,1.959485288057195,1.8405098684210528,0.45752408709968345,1
173,SPRINTER,1,IN,12,2.032034659022887,1.9213607706035516,0.678313814308256,1
174,SPRINTER,1,KY,15,1.9387760073391438,1.7099253731343282,0.5796736823470676,1
175,SPRINTER,1,MI,30,1.8772480884555012,1.893675747029881,0.3673626684523892,1
176,SPRINTER,1,MN,17,1.9185259183387928,1.8637099494097809,0.25137586087622443,1
177,SPRINTER,1,MO,5,2.185209486637531,2.247427101200686,0.1996951391318081,1
178,SPRINTER,1,NC,16,1.7824419736142576,1.7157621470507516,0.3117876398970328,1
179,SPRINTER,1,NX,4,4.256173938703244,3.9632972444950956,0.7748573456445403,1
180,SPRINTER,1,OH,13,1.9294332729859915,1.5993982300884957,0.8530591425729924,1
181,SPRINTER,1,PA,4,1.614337515828249,1.568627450980392,0.091420129695714,1
182,SPRINTER,1,QA,7,2.106785571788593,2.158894645941278,0.12376324709468088,1
183,SPRINTER,1,TN,81,1.5982800881662513,1.4792899408284024,0.38107569710251293,1
184,SPRINTER,1,TX,17,2.0973648156670417,1.8698686371100164,0.6542385239427574,1
185,SPRINTER,1,VA,7,2.134568742213588,2.089695885509839,0.5257980727413532,1
186,SPRINTER,1,WI,7,2.0771282063097227,2.1185385878489327,0.34774025948731535,1
187,SPRINTER,2,AL,8,1.7201820858332852,1.711290842544115,0.29137085466125795,1
188,SPRINTER,2,CA,3,1.9671102880025906,1.8611662531017368,0.5281776296537714,1
189,SPRINTER,2,GA,9,1.7438378615086594,1.6906045340050375,0.25093219291579416,1
190,SPRINTER,2,IN,3,2.4858965767191887,2.343911719939117,0.4297352938060083,1
191,SPRINTER,2,KY,4,3.6240928882438315,3.8011611030478956,0.38646668578409954,1
192,SPRINTER,2,MI,32,1.949508704584349,1.8957640672174114,0.43560488606308806,1
193,SPRINTER,2,MO,4,1.692324826898533,1.7122127010285375,0.10169260875836236,1
194,SPRINTER,2,NC,5,2.2231919643964746,1.9175,0.6513495115741024,1
195,SPRINTER,2,NE,11,1.890028672913427,1.843594847775176,0.2722495721224049,1
196,SPRINTER,2,NH,3,1.4703721941452192,1.4628195937873358,0.2974079985805975,1
197,SPRINTER,2,NX,4,4.010011657827658,4.128666729044491,0.5767931437393058,1
198,SPRINTER,2,OH,9,1.83732627560318,1.8319244823386116,0.17560751476864017,1
199,SPRINTER,2,SC,16,1.6825325327106488,1.6237793575869213,0.3072858018648309,1
200,SPRINTER,2,TL,5,2.4512520149672206,2.1246458923512748,0.6202016596648626,1
201,SPRINTER,2,TN,6,1.744311306670004,1.64369634452538,0.4517406997836586,1
202,SPRINTER,2,TX,60,1.8968426501000193,1.805605790373048,0.5550737513953848,1
203,SPRINTER,2,WI,3,1.9999121601556171,2.0611976911976915,0.4758092064474833,1
204,SPRINTER,3,AL,6,1.9285996680733655,1.6210082455695787,0.6696681735058562,1
205,SPRINTER,3,AZ,5,1.4380165214611846,1.3096351730589335,0.2525016196503826,1
206,SPRINTER,3,CU,8,2.898508346872874,2.7369417666732243,0.7110264934884885,1
207,SPRINTER,3,FL,6,1.5456033827278357,1.3576440092165898,0.3450187626182668,1
208,SPRINTER,3,GA,15,1.4442923623413508,1.4498299319727892,0.21407609694047097,1
209,SPRINTER,3,IA,5,1.5179910996176722,1.5504915102770331,0.20454161373676005,1
210,SPRINTER,3,IL,5,1.0401384615384615,0.9829059829059827,0.11318510507487992,1
211,SPRINTER,3,IN,9,1.0929426664024156,1.051282051282051,0.21884889677995406,1
212,SPRINTER,3,KY,14,1.4065845711100962,1.4576452987834139,0.3522640312505015,1
213,SPRINTER,3,MO,6,1.8159604447703412,1.7871333964049196,0.20987358289115632,1
214,SPRINTER,3,MS,4,2.0462259159011635,1.877215395480226,0.40340185518170857,1
215,SPRINTER,3,NH,4,1.5599011534561433,1.6210553278688526,0.15706121575878956,1
216,SPRINTER,3,TN,65,1.2889711442310836,1.2560557053009884,0.39393976787250057,1
217,SPRINTER,3,TX,126,1.7293075777771572,1.6493566176470589,0.5167027408522392,1
218,SPRINTER,4,AG,27,1.8461950568033283,1.7665615141955835,0.7478626635195408,1
219,SPRINTER,4,AL,4,1.78611233277025,1.5858236215351877,0.439092152758364,1
220,SPRINTER,4,AZ,43,1.5417224577821436,1.484174516608825,0.38010458548057047,1
221,SPRINTER,4,CA,18,1.5749306941196837,1.516653208823882,0.4352414082217686,1
222,SPRINTER,4,CT,5,1.1015154565457164,0.9624639076034648,0.22818212253329215,1
223,SPRINTER,4,CU,54,2.015284955569924,1.6516489222914486,1.0019964389703877,1
224,SPRINTER,4,DF,4,1.5248574328786102,1.4277869302581,0.2165166463287972,1
225,SPRINTER,4,EM,18,2.15027100078743,2.2392290249433104,0.7274426103786269,1
226,SPRINTER,4,GA,8,1.5945777195736615,1.3375628286795962,0.6000465250601459,1
227,SPRINTER,4,GJ,51,1.9747295395174056,1.6516731087796797,0.804380730106542,1
228,SPRINTER,4,IL,46,1.2048543479919633,1.1435747138361518,0.23863777213225132,1
229,SPRINTER,4,IN,52,1.287568664844145,1.219480022237852,0.31321430548971596,1
230,SPRINTER,4,JA,50,2.003994228208906,1.9478569467229145,0.44648083486123985,1
231,SPRINTER,4,KY,86,1.4942245048889788,1.5133603238866398,0.3449061993644522,1
232,SPRINTER,4,MA,21,1.2322119011081518,1.2670107930549035,0.22993945040526015,1
233,SPRINTER,4,MI,392,1.1339725496366577,0.9858111038820212,0.4497813918011687,1
234,SPRINTER,4,MN,12,2.1502104872007575,1.4598731439119255,1.654460909839926,1
235,SPRINTER,4,MR,9,2.2021571935689708,1.8410539629005056,1.1001648921049942,1
236,SPRINTER,4,NC,27,1.154830793868359,1.1242516268980476,0.22871627789585303,1
237,SPRINTER,4,NJ,7,1.0793760582824155,0.9646643109540636,0.1931955292734183,1
238,SPRINTER,4,NX,68,1.9728682329144551,1.8179485832537408,0.482060826692954,1
239,SPRINTER,4,NY,9,1.220175460365896,1.2403439291297549,0.15387268217650185,1
240,SPRINTER,4,OH,79,1.1816532244874614,1.1576971214017522,0.2667678887053404,1
241,SPRINTER,4,ON,17,1.6504212796483932,1.6893732970027249,0.2952974495822857,1
242,SPRINTER,4,PA,20,1.142302818807987,1.0606060606060606,0.23836153585423916,1
243,SPRINTER,4,PU,16,1.8815905098000512,1.8391554692943168,0.4005058038463568,1
244,SPRINTER,4,QA,62,1.8758179433934217,1.7562901581295765,0.6665688912141358,1
245,SPRINTER,4,SC,47,2.059293932977943,2.1376869009584665,0.8543412899871032,1
246,SPRINTER,4,SL,34,1.7649983028086447,1.6704236313422456,0.5083328927488693,1
247,SPRINTER,4,TL,3,1.917262803376829,1.95578231292517,0.3276532292648516,1
248,SPRINTER,4,TN,25,1.5524256723952448,1.4232268121590024,0.5195405689460021,1
249,SPRINTER,4,TX,868,1.413480122723117,1.296453063646973,0.46894457446314725,1
250,SPRINTER,4,UT,20,1.391243830208646,1.3111740855762595,0.19665290702660257,1
251,SPRINTER,4,VA,15,1.234441897951089,1.136842105263158,0.27314099594487495,1
252,SPRINTER,4,VZ,4,2.4958821432983904,2.5482448873743073,0.64921375618301,1
253,SPRINTER,4,WI,43,1.5401179857632201,1.490984743411928,0.4025266025359854,1
254,STRAIGHT TRUCK,0,AG,7,2.9430770658840832,2.935222672064777,0.2209733161064098,3
255,STRAIGHT TRUCK,0,IL,14,4.394660692616424,4.72442814595169,0.8451986488995639,3
256,STRAIGHT TRUCK,0,IN,13,4.644444304853197,4.583029411764706,0.8749033205512015,3
257,STRAIGHT TRUCK,0,KY,38,4.274637866595811,4.4685613136289,0.9485812815967626,3
258,STRAIGHT TRUCK,0,MI,34,3.9536948988146556,3.950357185396939,0.6409049841312798,3
259,STRAIGHT TRUCK,0,NC,6,3.782043523848214,3.739141681068553,0.9153366935780137,3
260,STRAIGHT TRUCK,0,OH,15,4.496117661185675,4.749939637826961,0.8605499368240782,3
261,STRAIGHT TRUCK,0,TN,17,4.100605763054175,4.022560240963856,1.0080934634552987,3
262,STRAIGHT TRUCK,0,TX,42,3.5192046002395574,3.239130434782609,1.106667590438648,3
263,STRAIGHT TRUCK,0,WI,5,3.9555019743311037,4.042819843342037,1.2330392644264494,3
264,STRAIGHT TRUCK,1,IN,7,3.931863408209339,3.5780427046263346,0.8697075312112372,3
265,STRAIGHT TRUCK,1,JA,8,2.7439153816152646,2.805547221888876,0.24658348516443224,3
266,STRAIGHT TRUCK,1,MI,13,3.4648950212260705,3.5288640595903167,0.806387051270719,3
267,STRAIGHT TRUCK,1,NC,4,3.6854992247207603,3.6709981331709836,0.34553752104651925,3
268,STRAIGHT TRUCK,1,NX,3,5.206918552865147,5.305466237942122,0.17068959752161733,3
269,STRAIGHT TRUCK,1,OH,7,3.5711742152957746,3.897185840707965,0.655017342790871,3
270,STRAIGHT TRUCK,1,SC,4,2.686333730718487,2.6664462845746986,0.5065664823960196,3
271,STRAIGHT TRUCK,1,TN,26,3.4857624279940227,3.1950421373498297,0.9903067603090204,3
272,STRAIGHT TRUCK,1,TX,22,2.5592688694045758,2.467947272276223,0.6357610229969198,3
273,STRAIGHT TRUCK,2,EM,10,1.7254392715146853,1.7699115044247788,0.21986778003616014,3
274,STRAIGHT TRUCK,2,KY,5,5.425162873339538,5.950653120464441,0.7276051979561837,3
275,STRAIGHT TRUCK,2,MI,13,3.615208760083476,3.468638676844784,0.8812889727544168,3
276,STRAIGHT TRUCK,2,NC,4,3.704586119212139,3.976163677692865,1.0912425719083303,3
277,STRAIGHT TRUCK,2,OH,3,3.543123997183058,3.7268296296296297,0.48291010713460786,3
278,STRAIGHT TRUCK,2,PU,4,2.324521152594343,2.189472011428161,0.33938118319568283,3
279,STRAIGHT TRUCK,2,SL,5,3.9351133787696293,3.7249283667621778,0.5582126150304705,3
280,STRAIGHT TRUCK,2,TX,32,3.2868821142591025,3.0805096133967336,1.1979083964424038,3
281,STRAIGHT TRUCK,3,AL,5,2.5471300006478814,2.461236506378803,0.3264134625368087,3
282,STRAIGHT TRUCK,3,CU,9,3.1742722084202004,3.2637075718015667,0.6352639322121169,3
283,STRAIGHT TRUCK,3,GA,7,2.1491776681807933,2.0434782608695654,0.3450220912945936,3
284,STRAIGHT TRUCK,3,IL,5,2.081175805681435,2.0292598967297764,0.1774612829734208,3
285,STRAIGHT TRUCK,3,IN,19,2.073581501167075,1.8795046968403075,0.40672799813060384,3
286,STRAIGHT TRUCK,3,KY,19,2.4220267164256613,2.151838681699913,0.8545415435873894,3
287,STRAIGHT TRUCK,3,NE,4,3.467408154757112,3.5520947986467677,0.7253436858841968,3
288,STRAIGHT TRUCK,3,NX,3,5.0230560738943835,5.0,0.43797427896340785,3
289,STRAIGHT TRUCK,3,TN,95,2.028210461346169,1.8029259896729777,0.6575491442650948,3
290,STRAIGHT TRUCK,3,TX,343,2.670444257933815,2.573529411764706,0.6996214357452052,3
291,STRAIGHT TRUCK,4,AG,27,2.636333983264043,2.359252601702933,0.8967369918328418,3
292,STRAIGHT TRUCK,4,AZ,7,2.3339440499985367,2.2911051212938007,0.3732104628608238,3
293,STRAIGHT TRUCK,4,CA,7,2.864513344220395,2.6033312769895125,0.8980026366015459,3
294,STRAIGHT TRUCK,4,CU,75,3.238740601530189,2.826384142173616,1.2263928165028821,3
295,STRAIGHT TRUCK,4,EM,46,2.66784858423177,2.2392290249433104,0.8224375382343934,3
296,STRAIGHT TRUCK,4,GA,3,2.838382193416328,3.1320361362056985,0.6264143692796681,3
297,STRAIGHT TRUCK,4,GJ,81,2.815500286043206,3.003806038426349,0.719515942357214,3
298,STRAIGHT TRUCK,4,IA,4,2.86941065573499,2.49678000906225,1.076533188116178,3
299,STRAIGHT TRUCK,4,IL,71,2.132939755669802,2.056369047619048,0.4903795993983723,3
300,STRAIGHT TRUCK,4,IN,151,2.3358832991727048,2.0905923344947737,0.6383130564116292,3
301,STRAIGHT TRUCK,4,JA,46,2.961317919864758,2.8976058721231635,0.8454574192611883,3
302,STRAIGHT TRUCK,4,KY,124,2.0155148957608113,1.8380566801619436,0.5120404208756558,3
303,STRAIGHT TRUCK,4,MA,18,2.043168032930073,2.100732600732601,0.18583284128563946,3
304,STRAIGHT TRUCK,4,MI,378,1.7752499223680576,1.6578249336870026,0.4062985115481325,3
305,STRAIGHT TRUCK,4,MN,4,3.1241960371272466,3.1156877098281877,0.4266421324935559,3
306,STRAIGHT TRUCK,4,MR,6,2.1211281189987186,2.1991596747365336,0.3210209807358726,3
307,STRAIGHT TRUCK,4,NC,33,2.295746940577331,2.130705394190872,0.6055336949429401,3
308,STRAIGHT TRUCK,4,NX,94,2.4646908904128297,2.0524515393386547,0.9701242492427601,3
309,STRAIGHT TRUCK,4,NY,3,2.5577577799204714,1.9455393434080248,1.144957760503492,3
310,STRAIGHT TRUCK,4,OH,94,1.8989782251529994,1.7593244194229416,0.4313215820120588,3
311,STRAIGHT TRUCK,4,ON,4,3.2729091265286288,3.237410071942446,0.4101110631840436,3
312,STRAIGHT TRUCK,4,PA,16,2.169221429112345,2.039318046456224,0.4823850073845774,3
313,STRAIGHT TRUCK,4,PU,25,2.6517140248003286,2.645845609899823,0.5879301382919638,3
314,STRAIGHT TRUCK,4,QA,81,3.070169584061545,3.1153144940747493,0.8664750869643175,3
315,STRAIGHT TRUCK,4,SC,99,2.8071031017311605,2.761871508379888,0.5752502090665642,3
316,STRAIGHT TRUCK,4,SL,43,2.7994067742920894,2.649450023912004,1.10920105258783,3
317,STRAIGHT TRUCK,4,TL,5,2.618428750697707,2.9542097488921715,0.46921120984840187,3
318,STRAIGHT TRUCK,4,TN,43,2.54652410871472,2.46367656348705,0.7005273034532664,3
319,STRAIGHT TRUCK,4,TX,847,2.190243909080409,1.9721396825396824,0.7178454731081941,3
320,STRAIGHT TRUCK,4,UT,5,1.914833284644919,1.911145268233876,0.03213222440183055,3
321,STRAIGHT TRUCK,4,VA,15,2.269441528575001,2.15888954518606,0.5166854068383541,3
322,STRAIGHT TRUCK,4,WI,43,2.417660377335106,2.299405646359584,0.4554489534525446,3
323,TRACTOR,0,AL,8,4.730373606360508,4.99221372460809,0.9643940348964926,4
324,TRACTOR,0,IL,21,5.539276035543665,5.783050108932462,0.6005127547117288,4
325,TRACTOR,0,IN,10,5.201522367201635,5.172101150287572,0.565725289648492,4
326,TRACTOR,0,KY,86,4.572449191242084,4.118993135011442,0.7266161361647723,4
327,TRACTOR,0,MI,52,4.119485374593943,4.137931034482759,0.7024474909091024,4
328,TRACTOR,0,MO,7,4.553981281364989,4.697986577181208,0.9245314993830167,4
329,TRACTOR,0,MS,4,5.182146611288586,5.053902613087397,0.275462237824891,4
330,TRACTOR,0,NC,14,4.32976802532796,4.280219780219781,0.5780282768216245,4
331,TRACTOR,0,OH,34,5.068217688732871,5.201668584579977,0.6566263085723656,4
332,TRACTOR,0,SC,79,3.1662047275018583,2.880658436213992,0.7896214838881599,4
333,TRACTOR,0,SL,12,3.6257707169126903,3.4411529430586727,0.7628290416904018,4
334,TRACTOR,0,TN,26,4.998592927490072,5.1346543668955,0.696207407068263,4
335,TRACTOR,0,TX,36,3.803132709149841,3.81620082815735,0.8341340347995861,4
336,TRACTOR,0,WI,7,4.773962319355917,4.7341644562334215,0.659650020478786,4
337,TRACTOR,1,GJ,6,3.0824128618803783,2.636286280962779,0.8884945451195959,4
338,TRACTOR,1,IA,3,5.206399936713929,4.975124378109452,0.4567083344820664,4
339,TRACTOR,1,IL,4,5.1976589251389065,5.577574433656958,1.0414302321379871,4
340,TRACTOR,1,IN,9,5.178178285301066,5.363984674329502,0.6684788052598207,4
341,TRACTOR,1,JA,4,3.8307078573130595,3.683788121990369,0.7157364624094852,4
342,TRACTOR,1,KY,139,3.0494356238170153,2.75049115913556,0.6598857177726534,4
343,TRACTOR,1,MI,32,4.034814095892965,4.07609513547354,0.7699178683523572,4
344,TRACTOR,1,MO,11,4.051100172839452,4.248136645962733,1.170643588831991,4
345,TRACTOR,1,NC,8,4.817704830842381,5.268036908464786,1.103743537420535,4
346,TRACTOR,1,OH,16,4.107214447674631,4.103750851208717,0.5725776528776567,4
347,TRACTOR,1,QA,14,3.239016848293057,3.2006920415224918,0.31232485675687893,4
348,TRACTOR,1,SC,5,4.826999715532251,5.432282003710575,1.1435783737182061,4
349,TRACTOR,1,TN,82,4.611003748614771,4.614384920634921,0.5166664194127102,4
350,TRACTOR,1,TX,62,2.9735607975400375,2.636363636363636,0.6866820579304236,4
351,TRACTOR,2,AL,8,4.751590380911243,4.50366395612708,0.5960361078539256,4
352,TRACTOR,2,AR,5,3.7477272727272726,3.4204545454545454,0.767882539872683,4
353,TRACTOR,2,GA,3,4.079407439591452,4.364525139664805,0.5209855725023257,4
354,TRACTOR,2,IA,6,3.8896000144327587,3.8988597972972974,0.40370376738551916,4
355,TRACTOR,2,IL,24,4.623010814733635,4.605151668978351,0.7142573876633979,4
356,TRACTOR,2,KY,36,5.587968188613314,5.950653120464441,0.7876321148156484,4
357,TRACTOR,2,MI,27,4.074069614652734,3.9587628865979374,0.70382126710788,4
358,TRACTOR,2,MO,7,4.051274494026983,3.793121761658031,0.8324807807207748,4
359,TRACTOR,2,MR,5,2.562254259501966,2.562254259501966,0.0,4
360,TRACTOR,2,MS,4,4.2046269187087155,4.352622289460413,1.1974121344684605,4
361,TRACTOR,2,NC,7,4.736395528373379,4.834254143646409,1.0339738735403117,4
362,TRACTOR,2,OH,3,4.590640234745038,4.298941798941799,0.5634845018057324,4
363,TRACTOR,2,OK,3,4.093929064473859,4.126547455295736,0.15314994122561812,4
364,TRACTOR,2,PA,5,5.320428353149586,5.236364846870839,0.3377148718724374,4
365,TRACTOR,2,PU,13,2.917018601520941,2.588005215123859,0.5651860597179845,4
366,TRACTOR,2,SC,9,4.196356689949636,4.392386530014641,1.106498151140594,4
367,TRACTOR,2,SL,4,5.161469933184855,5.161469933184855,0.0,4
368,TRACTOR,2,TL,3,2.807633956539132,2.861035422343324,0.09249405197151256,4
369,TRACTOR,2,TN,116,2.887855520085402,2.526002971768202,0.8400007072745096,4
370,TRACTOR,2,TX,63,3.0381813956625807,2.5793650793650795,1.0656891025735675,4
371,TRACTOR,2,WI,6,4.455048135326332,4.66731423020884,0.7429875717738399,4
372,TRACTOR,3,AL,12,3.83003974487251,3.6452360149687615,0.4450492041365104,4
373,TRACTOR,3,CU,7,5.243030065373593,5.178416013925152,0.5116680883448611,4
374,TRACTOR,3,GA,16,3.831308924697113,3.6778813503523686,0.43494591504554364,4
375,TRACTOR,3,IA,10,4.487724708138819,4.559052546714428,0.8265963667224416,4
376,TRACTOR,3,IL,6,4.206024301932029,4.430743079752226,0.6752473490817874,4
377,TRACTOR,3,IN,12,3.7983167084457246,3.727873612297182,0.844434224279968,4
378,TRACTOR,3,KY,47,3.4026957842066428,3.1357155247181265,0.6882833391005884,4
379,TRACTOR,3,MI,13,3.9781754067738455,4.136029411764706,0.8627717759750596,4
380,TRACTOR,3,MO,21,4.341542865677317,4.201680672268908,0.7041959128963252,4
381,TRACTOR,3,MS,6,4.144892050006741,4.131964726120575,0.9890441745840276,4
382,TRACTOR,3,NE,9,4.342005869969317,4.343629343629344,0.4645341495441891,4
383,TRACTOR,3,SC,5,4.602026143541668,4.891304347826087,0.6448562841931094,4
384,TRACTOR,3,TN,314,4.02861578460929,4.330954504906334,0.6988207385884945,4
385,TRACTOR,3,TX,132,4.399032999810461,4.53561462175006,1.073280200868324,4
386,TRACTOR,4,AG,19,4.028794899616278,4.146003775959724,0.8381510535487299,4
387,TRACTOR,4,AL,12,3.590086690653415,3.28374860018397,0.7907160613384393,4
388,TRACTOR,4,AZ,9,3.372296498238228,3.107497741644083,0.8211148634477112,4
389,TRACTOR,4,CA,11,3.680245588469255,3.209109730848861,0.9608023208283252,4
390,TRACTOR,4,CU,196,4.233830745877459,3.9356984478935697,0.7700267381744872,4
391,TRACTOR,4,DG,4,3.815602102152746,3.909361181156129,0.4846691695325947,4
392,TRACTOR,4,EM,53,3.6139488381915044,3.454664341761116,0.7550096884789943,4
393,TRACTOR,4,GJ,81,3.659674841356659,3.4446781657551537,0.8034956326465473,4
394,TRACTOR,4,IA,9,3.895804066060063,3.836930455635492,0.44692166854250454,4
395,TRACTOR,4,IL,37,3.8447942498033756,3.897058823529412,0.777409650345223,4
396,TRACTOR,4,IN,199,3.5589541782824514,3.441827266238401,0.6490561046211993,4
397,TRACTOR,4,JA,192,4.349382803182804,4.351659751037344,0.4454526848650299,4
398,TRACTOR,4,KY,56,3.355968076590629,3.3264205700566443,0.98131532846841,4
399,TRACTOR,4,MI,198,3.242547648151797,3.1717060634222163,0.8504564059026167,4
400,TRACTOR,4,MN,3,4.631012213344073,4.142502071251036,0.884627338962919,4
401,TRACTOR,4,MO,5,4.075298145124868,3.915910964550701,0.8391744944980969,4
402,TRACTOR,4,MR,173,3.2191922539383753,3.228965179009318,0.0330192906225371,4
403,TRACTOR,4,NC,51,2.618297402009329,2.065278188084687,0.8621391750272165,4
404,TRACTOR,4,NX,79,4.08730804227393,4.047890535917902,0.6536379821051648,4
405,TRACTOR,4,NY,9,3.483307676420993,3.3922599139990446,0.35253223773876335,4
406,TRACTOR,4,OH,77,3.4040434204243484,3.312982608695652,0.7845372744558636,4
407,TRACTOR,4,PU,91,3.2360504208046184,2.327405857740586,1.1931275919318212,4
408,TRACTOR,4,QA,209,3.501079355097233,3.236098450319052,0.6377000201003915,4
409,TRACTOR,4,SC,18,3.651330882208341,3.4613997044213,0.9270478920286231,4
410,TRACTOR,4,SD,3,4.463732619294279,4.640371229698376,0.9639483032053341,4
411,TRACTOR,4,SL,76,4.1444675394338555,3.926243171192565,1.0122584785163464,4
412,TRACTOR,4,TL,64,3.056724733564931,2.9542097488921715,0.2412358635702914,4
413,TRACTOR,4,TN,273,3.3747251296393332,3.45572602739726,0.7582628329149212,4
414,TRACTOR,4,TX,674,3.6065929638127794,3.4763539282990084,1.0179957111480595,4
415,TRACTOR,4,VA,19,3.1301896341651347,2.7362869198312234,0.8856688063640104,4
416,TRACTOR,4,VZ,4,4.234085980042722,3.885916095890411,0.7186705804606714,4
417,TRACTOR,4,WI,38,3.723956346796728,3.4573123060482764,0.6788752077872814,4
